<?xml version="1.0" encoding="UTF-8"?>
<module codename="org.netbeans.lib.profiler/1">
    <module_version install_time="1348677126313" last="true" origin="installer" specification_version="1.19.2">
        <file crc="2155818874" name="config/Modules/org-netbeans-lib-profiler.xml"/>
        <file crc="2735721727" name="lib/deployed/jdk15/hpux-pa_risc2.0/libprofilerinterface.sl"/>
        <file crc="2643549927" name="lib/deployed/jdk15/hpux-pa_risc2.0w/libprofilerinterface.sl"/>
        <file crc="2482669819" name="lib/deployed/jdk15/linux-amd64/libprofilerinterface.so"/>
        <file crc="2312584527" name="lib/deployed/jdk15/linux/libprofilerinterface.so"/>
        <file crc="556362182" name="lib/deployed/jdk15/mac/libprofilerinterface.jnilib"/>
        <file crc="2465127170" name="lib/deployed/jdk15/solaris-amd64/libprofilerinterface.so"/>
        <file crc="2858983876" name="lib/deployed/jdk15/solaris-i386/libprofilerinterface.so"/>
        <file crc="3361414015" name="lib/deployed/jdk15/solaris-sparc/libprofilerinterface.so"/>
        <file crc="2772775004" name="lib/deployed/jdk15/solaris-sparcv9/libprofilerinterface.so"/>
        <file crc="2873219880" name="lib/deployed/jdk15/windows-amd64/profilerinterface.dll"/>
        <file crc="2223629960" name="lib/deployed/jdk15/windows-amd64/profilerinterface.map"/>
        <file crc="494390017" name="lib/deployed/jdk15/windows/profilerinterface.dll"/>
        <file crc="1421120221" name="lib/deployed/jdk15/windows/profilerinterface.map"/>
        <file crc="172125519" name="lib/deployed/jdk16/hpux-pa_risc2.0/libprofilerinterface.sl"/>
        <file crc="3451337511" name="lib/deployed/jdk16/hpux-pa_risc2.0w/libprofilerinterface.sl"/>
        <file crc="3922144749" name="lib/deployed/jdk16/linux-amd64/libprofilerinterface.so"/>
        <file crc="347489830" name="lib/deployed/jdk16/linux/libprofilerinterface.so"/>
        <file crc="1347134977" name="lib/deployed/jdk16/mac/libprofilerinterface.jnilib"/>
        <file crc="1690418446" name="lib/deployed/jdk16/solaris-amd64/libprofilerinterface.so"/>
        <file crc="3163956520" name="lib/deployed/jdk16/solaris-i386/libprofilerinterface.so"/>
        <file crc="4161217163" name="lib/deployed/jdk16/solaris-sparc/libprofilerinterface.so"/>
        <file crc="731268143" name="lib/deployed/jdk16/solaris-sparcv9/libprofilerinterface.so"/>
        <file crc="2057305414" name="lib/deployed/jdk16/windows-amd64/profilerinterface.dll"/>
        <file crc="4189928684" name="lib/deployed/jdk16/windows-amd64/profilerinterface.map"/>
        <file crc="2904222058" name="lib/deployed/jdk16/windows/profilerinterface.dll"/>
        <file crc="1578692799" name="lib/deployed/jdk16/windows/profilerinterface.map"/>
        <file crc="3050888680" name="lib/jfluid-server-15.jar"/>
        <file crc="780949977" name="lib/jfluid-server.jar"/>
        <file crc="838236931" name="modules/org-netbeans-lib-profiler.jar"/>
    </module_version>
</module>
