<?xml version="1.0" encoding="UTF-8"?>
<module codename="org.netbeans.core/2">
    <module_version install_time="1195564492666" last="true" origin="installer" specification_version="3.6.1.1">
        <file crc="1764775069" name="DISTRIBUTION.txt"/>
        <file crc="481172591" name="LICENSE.txt"/>
        <file crc="3332895251" name="THIRDPARTYLICENSEREADME.txt"/>
        <file crc="2935638621" name="config/ModuleAutoDeps/org-netbeans-core.xml"/>
        <file crc="3622395827" name="config/Modules/org-netbeans-core.xml"/>
        <file crc="886402222" name="modules/org-netbeans-core.jar"/>
    </module_version>
</module>
