<?xml version="1.0" encoding="UTF-8"?>
<module codename="org.netbeans.lib.profiler/1">
    <module_version install_time="1195225879945" last="true" origin="installer" specification_version="1.1">
        <file crc="1728976551" name="config/Modules/org-netbeans-lib-profiler.xml"/>
        <file crc="1151572599" name="lib/deployed/jdk15/linux-amd64/libprofilerinterface.so"/>
        <file crc="130840289" name="lib/deployed/jdk15/linux/libprofilerinterface.so"/>
        <file crc="3727186543" name="lib/deployed/jdk15/mac/libprofilerinterface.jnilib"/>
        <file crc="357857557" name="lib/deployed/jdk15/solaris-amd64/libprofilerinterface.so"/>
        <file crc="154677774" name="lib/deployed/jdk15/solaris-i386/libprofilerinterface.so"/>
        <file crc="2989674084" name="lib/deployed/jdk15/solaris-sparc/libprofilerinterface.so"/>
        <file crc="1796662399" name="lib/deployed/jdk15/solaris-sparcv9/libprofilerinterface.so"/>
        <file crc="548782430" name="lib/deployed/jdk15/windows-amd64/profilerinterface.dll"/>
        <file crc="2362134755" name="lib/deployed/jdk15/windows-amd64/profilerinterface.map"/>
        <file crc="599137314" name="lib/deployed/jdk15/windows/profilerinterface.dll"/>
        <file crc="354561906" name="lib/deployed/jdk15/windows/profilerinterface.map"/>
        <file crc="715919573" name="lib/deployed/jdk16/linux-amd64/libprofilerinterface.so"/>
        <file crc="3729473377" name="lib/deployed/jdk16/linux/libprofilerinterface.so"/>
        <file crc="3183679117" name="lib/deployed/jdk16/mac/libprofilerinterface.jnilib"/>
        <file crc="2062335823" name="lib/deployed/jdk16/solaris-amd64/libprofilerinterface.so"/>
        <file crc="3218509429" name="lib/deployed/jdk16/solaris-i386/libprofilerinterface.so"/>
        <file crc="2617661777" name="lib/deployed/jdk16/solaris-sparc/libprofilerinterface.so"/>
        <file crc="3415358557" name="lib/deployed/jdk16/solaris-sparcv9/libprofilerinterface.so"/>
        <file crc="3286739420" name="lib/deployed/jdk16/windows-amd64/profilerinterface.dll"/>
        <file crc="1652199794" name="lib/deployed/jdk16/windows-amd64/profilerinterface.map"/>
        <file crc="3199226133" name="lib/deployed/jdk16/windows/profilerinterface.dll"/>
        <file crc="1220496583" name="lib/deployed/jdk16/windows/profilerinterface.map"/>
        <file crc="1998754846" name="lib/jfluid-server-15.jar"/>
        <file crc="1583300147" name="lib/jfluid-server.jar"/>
        <file crc="3573595498" name="modules/org-netbeans-lib-profiler.jar"/>
    </module_version>
</module>
