<?xml version="1.0" encoding="UTF-8"?>
<module codename="org.netbeans.bootstrap/1">
    <module_version install_time="1371627215332" last="true" origin="installer" specification_version="2.56.2">
        <file crc="247047611" name="lib/boot.jar"/>
        <file crc="4211222598" name="lib/nbexec"/>
        <file crc="1785119354" name="lib/nbexec.dll"/>
        <file crc="1385299370" name="lib/nbexec.exe"/>
        <file crc="14462315" name="lib/nbexec64.dll"/>
        <file crc="291493605" name="lib/nbexec64.exe"/>
    </module_version>
</module>
