<?xml version="1.0" encoding="UTF-8"?>
<module codename="org.netbeans.lib.profiler/1">
    <module_version install_time="1332269994482" last="true" origin="installer" specification_version="1.17.2">
        <file crc="2155818874" name="config/Modules/org-netbeans-lib-profiler.xml"/>
        <file crc="3446549143" name="lib/deployed/jdk15/hpux-pa_risc2.0/libprofilerinterface.sl"/>
        <file crc="1528907379" name="lib/deployed/jdk15/hpux-pa_risc2.0w/libprofilerinterface.sl"/>
        <file crc="4222288251" name="lib/deployed/jdk15/linux-amd64/libprofilerinterface.so"/>
        <file crc="177301748" name="lib/deployed/jdk15/linux/libprofilerinterface.so"/>
        <file crc="1138315033" name="lib/deployed/jdk15/mac/libprofilerinterface.jnilib"/>
        <file crc="1841438826" name="lib/deployed/jdk15/solaris-amd64/libprofilerinterface.so"/>
        <file crc="3372138830" name="lib/deployed/jdk15/solaris-i386/libprofilerinterface.so"/>
        <file crc="3039594292" name="lib/deployed/jdk15/solaris-sparc/libprofilerinterface.so"/>
        <file crc="1663380598" name="lib/deployed/jdk15/solaris-sparcv9/libprofilerinterface.so"/>
        <file crc="2167772333" name="lib/deployed/jdk15/windows-amd64/profilerinterface.dll"/>
        <file crc="3956734292" name="lib/deployed/jdk15/windows-amd64/profilerinterface.map"/>
        <file crc="4091167741" name="lib/deployed/jdk15/windows/profilerinterface.dll"/>
        <file crc="1355410531" name="lib/deployed/jdk15/windows/profilerinterface.map"/>
        <file crc="602394743" name="lib/deployed/jdk16/hpux-pa_risc2.0/libprofilerinterface.sl"/>
        <file crc="925228710" name="lib/deployed/jdk16/hpux-pa_risc2.0w/libprofilerinterface.sl"/>
        <file crc="928227601" name="lib/deployed/jdk16/linux-amd64/libprofilerinterface.so"/>
        <file crc="2772199097" name="lib/deployed/jdk16/linux/libprofilerinterface.so"/>
        <file crc="227027388" name="lib/deployed/jdk16/mac/libprofilerinterface.jnilib"/>
        <file crc="2224647505" name="lib/deployed/jdk16/solaris-amd64/libprofilerinterface.so"/>
        <file crc="1824227409" name="lib/deployed/jdk16/solaris-i386/libprofilerinterface.so"/>
        <file crc="1787481105" name="lib/deployed/jdk16/solaris-sparc/libprofilerinterface.so"/>
        <file crc="3981393780" name="lib/deployed/jdk16/solaris-sparcv9/libprofilerinterface.so"/>
        <file crc="1792431577" name="lib/deployed/jdk16/windows-amd64/profilerinterface.dll"/>
        <file crc="290460219" name="lib/deployed/jdk16/windows-amd64/profilerinterface.map"/>
        <file crc="464528393" name="lib/deployed/jdk16/windows/profilerinterface.dll"/>
        <file crc="1572641689" name="lib/deployed/jdk16/windows/profilerinterface.map"/>
        <file crc="713169113" name="lib/jfluid-server-15.jar"/>
        <file crc="3566810946" name="lib/jfluid-server.jar"/>
        <file crc="2531278555" name="modules/org-netbeans-lib-profiler.jar"/>
    </module_version>
</module>
