<?xml version="1.0" encoding="UTF-8"?><module codename="org.netbeans.libs.osgi">
    <module_version install_time="1390406386653" last="true" origin="installer" specification_version="1.15.1">
        <file crc="3882420389" name="config/Modules/org-netbeans-libs-osgi.xml"/>
        <file crc="2410509284" name="modules/ext/osgi.cmpn-4.2.jar"/>
        <file crc="2012490678" name="modules/ext/osgi.core-5.0.0.jar"/>
        <file crc="2113873686" name="modules/locale/org-netbeans-libs-osgi_ja.jar"/>
        <file crc="293975637" name="modules/locale/org-netbeans-libs-osgi_zh_CN.jar"/>
        <file crc="2291921213" name="modules/org-netbeans-libs-osgi.jar"/>
    </module_version>
</module>
