<?xml version="1.0" encoding="UTF-8"?><module codename="org.netbeans.modules.autoupdate.services">
    <module_version install_time="1390406364266" last="true" origin="installer" specification_version="1.42.2">
        <file crc="83784818" name="config/Modules/org-netbeans-modules-autoupdate-services.xml"/>
        <file crc="3068507165" name="modules/ext/locale/updater_ja.jar"/>
        <file crc="3102896385" name="modules/ext/locale/updater_zh_CN.jar"/>
        <file crc="3485426677" name="modules/ext/updater.jar"/>
        <file crc="2696220132" name="modules/locale/org-netbeans-modules-autoupdate-services_ja.jar"/>
        <file crc="3438151123" name="modules/locale/org-netbeans-modules-autoupdate-services_zh_CN.jar"/>
        <file crc="1261889457" name="modules/org-netbeans-modules-autoupdate-services.jar"/>
    </module_version>
</module>
